,busloans_monthly
1947-01-31,11.2894
1947-02-28,11.5179
1947-03-31,11.7667
1947-04-30,12.0269
1947-05-31,12.2788
1947-06-30,12.4832
1947-07-31,12.78
1947-08-31,13.0822
1947-09-30,13.3523
1947-10-31,13.6287
1947-11-30,13.8998
1947-12-31,14.2053
1948-01-31,14.4049
1948-02-29,14.5635
1948-03-31,14.7454
1948-04-30,14.9301
1948-05-31,15.0976
1948-06-30,15.2158
1948-07-31,15.2705
1948-08-31,15.212
1948-09-30,15.1478
1948-10-31,15.0945
1948-11-30,15.0462
1948-12-31,15.0348
1949-01-31,14.9254
1949-02-28,14.7874
1949-03-31,14.6621
1949-04-30,14.5149
1949-05-31,14.3455
1949-06-30,14.1386
1949-07-31,14.0212
1949-08-31,13.923
1949-09-30,13.8246
1949-10-31,13.7376
1949-11-30,13.6548
1949-12-31,13.5957
1950-01-31,13.6493
1950-02-28,13.7957
1950-03-31,13.9531
1950-04-30,14.1119
1950-05-31,14.2519
1950-06-30,14.388
1950-07-31,14.7712
1950-08-31,15.2975
1950-09-30,15.8075
1950-10-31,16.3104
1950-11-30,16.8092
1950-12-31,17.3061
1951-01-31,17.7542
1951-02-28,18.1862
1951-03-31,18.6363
1951-04-30,19.1031
1951-05-31,19.5512
1951-06-30,20.0031
1951-07-31,20.2509
1951-08-31,20.3672
1951-09-30,20.4775
1951-10-31,20.6053
1951-11-30,20.7329
1951-12-31,20.9657
1952-01-31,22.1319
1952-02-29,22.4316
1952-03-31,22.3763
1952-04-30,22.138
1952-05-31,21.9293
1952-06-30,22.0525
1952-07-31,22.1461
1952-08-31,22.3937
1952-09-30,22.6967
1952-10-31,23.0685
1952-11-30,23.4435
1952-12-31,23.23
1953-01-31,23.4687
1953-02-28,23.6226
1953-03-31,23.6983
1953-04-30,23.8228
1953-05-31,23.8827
1953-06-30,23.7607
1953-07-31,23.7782
1953-08-31,23.9951
1953-09-30,24.0138
1953-10-31,23.9825
1953-11-30,23.87
1953-12-31,23.1686
1954-01-31,23.0112
1954-02-28,22.952
1954-03-31,22.927
1954-04-30,22.7987
1954-05-31,22.6694
1954-06-30,22.5139
1954-07-31,22.439
1954-08-31,22.4422
1954-09-30,22.4805
1954-10-31,22.5787
1954-11-30,22.6956
1954-12-31,22.5382
1955-01-31,22.8036
1955-02-28,22.9901
1955-03-31,23.1876
1955-04-30,23.3723
1955-05-31,23.7085
1955-06-30,24.1102
1955-07-31,24.5263
1955-08-31,24.963
1955-09-30,25.3672
1955-10-31,25.7546
1955-11-30,26.4404
1955-12-31,26.7161
1956-01-31,27.1736
1956-02-29,27.6564
1956-03-31,28.5289
1956-04-30,29.285
1956-05-31,29.6299
1956-06-30,30.263
1956-07-31,30.7252
1956-08-31,31.0855
1956-09-30,31.4451
1956-10-31,31.8895
1956-11-30,32.2609
1956-12-31,32.473
1957-01-31,32.687
1957-02-28,32.6895
1957-03-31,33.0407
1957-04-30,33.3856
1957-05-31,33.6362
1957-06-30,34.0596
1957-07-31,34.3749
1957-08-31,34.5961
1957-09-30,34.5474
1957-10-31,34.4197
1957-11-30,34.3325
1957-12-31,33.8853
1958-01-31,34.6988
1958-02-28,34.8623
1958-03-31,34.7528
1958-04-30,34.5718
1958-05-31,34.4375
1958-06-30,34.2718
1958-07-31,34.1831
1958-08-31,34.3612
1958-09-30,34.5237
1958-10-31,34.7518
1958-11-30,34.9156
1958-12-31,34.9489
1959-01-31,35.213
1959-02-28,35.2201
1959-03-31,35.1304
1959-04-30,35.5581
1959-05-31,36.3064
1959-06-30,37.1404
1959-07-31,37.6645
1959-08-31,38.089
1959-09-30,38.2605
1959-10-31,38.4113
1959-11-30,38.6978
1959-12-31,39.2932
1960-01-31,39.6291
1960-02-29,39.7872
1960-03-31,40.018
1960-04-30,40.5152
1960-05-31,40.8926
1960-06-30,41.3564
1960-07-31,41.3958
1960-08-31,41.3249
1960-09-30,41.4006
1960-10-31,41.5247
1960-11-30,41.6827
1960-12-31,42.1051
1961-01-31,42.0358
1961-02-28,41.9503
1961-03-31,42.0518
1961-04-30,42.2127
1961-05-31,42.1342
1961-06-30,42.4519
1961-07-31,42.5813
1961-08-31,42.6567
1961-09-30,42.7707
1961-10-31,42.9778
1961-11-30,43.1337
1961-12-31,43.7997
1962-01-31,43.9853
1962-02-28,43.8688
1962-03-31,44.1012
1962-04-30,44.5398
1962-05-31,44.8413
1962-06-30,45.5419
1962-07-31,45.7268
1962-08-31,45.9234
1962-09-30,46.3736
1962-10-31,46.8487
1962-11-30,47.1998
1962-12-31,47.4376
1963-01-31,47.6623
1963-02-28,47.8294
1963-03-31,47.9739
1963-04-30,48.3917
1963-05-31,48.649
1963-06-30,49.2469
1963-07-31,49.4664
1963-08-31,49.4768
1963-09-30,49.8225
1963-10-31,50.4111
1963-11-30,51.2382
1963-12-31,52.1741
1964-01-31,52.4186
1964-02-29,52.5482
1964-03-31,52.7139
1964-04-30,53.229
1964-05-31,53.7445
1964-06-30,54.2937
1964-07-31,54.7159
1964-08-31,55.1046
1964-09-30,55.7749
1964-10-31,56.2908
1964-11-30,56.8628
1964-12-31,58.3481
1965-01-31,59.241
1965-02-28,60.0693
1965-03-31,61.1489
1965-04-30,62.1331
1965-05-31,62.925
1965-06-30,64.1511
1965-07-31,64.8904
1965-08-31,65.4792
1965-09-30,66.3883
1965-10-31,67.05
1965-11-30,67.754
1965-12-31,69.1577
1966-01-31,69.9831
1966-02-28,70.683
1966-03-31,71.521
1966-04-30,72.3728
1966-05-31,73.3273
1966-06-30,75.3919
1966-07-31,76.7826
1966-08-31,76.9939
1966-09-30,77.4883
1966-10-31,78.0104
1966-11-30,78.3726
1966-12-31,78.976
1967-01-31,79.274
1967-02-28,79.558
1967-03-31,80.1231
1967-04-30,81.185
1967-05-31,81.6022
1967-06-30,82.6929
1967-07-31,83.7351
1967-08-31,83.5123
1967-09-30,83.7365
1967-10-31,84.1043
1967-11-30,84.5959
1967-12-31,86.1397
1968-01-31,86.5509
1968-02-29,86.5981
1968-03-31,87.114
1968-04-30,88.421
1968-05-31,88.9726
1968-06-30,89.9295
1968-07-31,91.0358
1968-08-31,91.2381
1968-09-30,91.8452
1968-10-31,92.8125
1968-11-30,94.47
1968-12-31,96.2065
1969-01-31,97.1481
1969-02-28,98.2963
1969-03-31,99.2383
1969-04-30,100.7715
1969-05-31,101.9454
1969-06-30,102.5404
1969-07-31,103.0557
1969-08-31,103.3067
1969-09-30,103.8176
1969-10-31,104.3372
1969-11-30,105.1854
1969-12-31,106.5979
1970-01-31,106.2979
1970-02-28,105.6953
1970-03-31,105.4128
1970-04-30,105.6766
1970-05-31,106.0118
1970-06-30,106.8358
1970-07-31,107.677
1970-08-31,108.5407
1970-09-30,109.5289
1970-10-31,109.774
1970-11-30,110.1744
1970-12-31,111.3578
1971-01-31,111.5479
1971-02-28,111.8951
1971-03-31,111.9877
1971-04-30,112.1496
1971-05-31,113.0615
1971-06-30,114.1265
1971-07-31,114.3772
1971-08-31,115.6802
1971-09-30,116.6745
1971-10-31,117.268
1971-11-30,117.8104
1971-12-31,117.7961
1972-01-31,118.1645
1972-02-29,118.8982
1972-03-31,119.691
1972-04-30,121.2319
1972-05-31,122.692
1972-06-30,123.7672
1972-07-31,124.6817
1972-08-31,126.0083
1972-09-30,126.9574
1972-10-31,129.0908
1972-11-30,131.5901
1972-12-31,133.1093
1973-01-31,135.4135
1973-02-28,140.7983
1973-03-31,144.9576
1973-04-30,147.5343
1973-05-31,149.9659
1973-06-30,152.8292
1973-07-31,155.3291
1973-08-31,158.0681
1973-09-30,158.5066
1973-10-31,159.1694
1973-11-30,159.9353
1973-12-31,161.2113
1974-01-31,163.0226
1974-02-28,164.772
1974-03-31,168.8168
1974-04-30,174.9909
1974-05-31,177.6309
1974-06-30,180.1082
1974-07-31,183.9873
1974-08-31,186.3819
1974-09-30,187.9941
1974-10-31,189.2302
1974-11-30,190.4047
1974-12-31,191.2761
1975-01-31,191.5869
1975-02-28,190.3805
1975-03-31,188.1191
1975-04-30,187.4109
1975-05-31,186.074
1975-06-30,184.638
1975-07-31,183.651
1975-08-31,182.9282
1975-09-30,182.822
1975-10-31,182.7142
1975-11-30,182.6189
1975-12-31,183.3586
1976-01-31,182.6481
1976-02-29,182.0444
1976-03-31,179.4877
1976-04-30,177.4755
1976-05-31,178.4326
1976-06-30,179.102
1976-07-31,179.1423
1976-08-31,179.7949
1976-09-30,181.1732
1976-10-31,182.4383
1976-11-30,183.9005
1976-12-31,185.2478
1977-01-31,185.7874
1977-02-28,187.4113
1977-03-31,189.1547
1977-04-30,190.2948
1977-05-31,191.7797
1977-06-30,193.5548
1977-07-31,195.1835
1977-08-31,197.4881
1977-09-30,198.9991
1977-10-31,201.2545
1977-11-30,202.9397
1977-12-31,204.6774
1978-01-31,207.2931
1978-02-28,210.259
1978-03-31,213.6058
1978-04-30,216.9979
1978-05-31,220.4005
1978-06-30,223.4759
1978-07-31,226.2258
1978-08-31,228.3623
1978-09-30,230.5011
1978-10-31,232.9249
1978-11-30,235.8062
1978-12-31,237.2394
1979-01-31,239.757
1979-02-28,243.8766
1979-03-31,247.8933
1979-04-30,253.7609
1979-05-31,258.7349
1979-06-30,263.4815
1979-07-31,267.8631
1979-08-31,270.6452
1979-09-30,274.3761
1979-10-31,276.1506
1979-11-30,277.2382
1979-12-31,279.7257
1980-01-31,281.8501
1980-02-29,285.6731
1980-03-31,289.3844
1980-04-30,290.6018
1980-05-31,287.8784
1980-06-30,287.0378
1980-07-31,288.0583
1980-08-31,291.4491
1980-09-30,294.7925
1980-10-31,299.9573
1980-11-30,307.3743
1980-12-31,312.0383
1981-01-31,312.4522
1981-02-28,313.117
1981-03-31,314.3933
1981-04-30,318.5024
1981-05-31,324.08
1981-06-30,328.1726
1981-07-31,331.8571
1981-08-31,336.523
1981-09-30,338.1155
1981-10-31,341.1989
1981-11-30,345.5088
1981-12-31,350.3077
1982-01-31,354.8455
1982-02-28,360.7137
1982-03-31,363.9746
1982-04-30,371.0565
1982-05-31,375.9823
1982-06-30,380.5642
1982-07-31,384.0437
1982-08-31,385.8593
1982-09-30,391.0385
1982-10-31,392.3917
1982-11-30,391.9751
1982-12-31,392.0419
1983-01-31,393.1864
1983-02-28,393.3556
1983-03-31,393.8048
1983-04-30,392.4259
1983-05-31,391.4906
1983-06-30,393.8395
1983-07-31,397.7945
1983-08-31,401.5866
1983-09-30,402.529
1983-10-31,405.7486
1983-11-30,409.6174
1983-12-31,413.9404
1984-01-31,415.6054
1984-02-29,423.5808
1984-03-31,430.9463
1984-04-30,437.8374
1984-05-31,446.3183
1984-06-30,450.9723
1984-07-31,455.8009
1984-08-31,458.7925
1984-09-30,461.9148
1984-10-31,466.3545
1984-11-30,470.9618
1984-12-31,473.3524
1985-01-31,472.9868
1985-02-28,476.2564
1985-03-31,480.0977
1985-04-30,478.6879
1985-05-31,480.7952
1985-06-30,482.3543
1985-07-31,486.9483
1985-08-31,489.7272
1985-09-30,494.239
1985-10-31,493.1745
1985-11-30,497.1682
1985-12-31,498.9813
1986-01-31,500.4754
1986-02-28,501.4284
1986-03-31,505.219
1986-04-30,507.336
1986-05-31,507.9494
1986-06-30,511.2815
1986-07-31,512.8867
1986-08-31,514.9309
1986-09-30,517.5387
1986-10-31,517.528
1986-11-30,523.9441
1986-12-31,539.3086
1987-01-31,548.8817
1987-02-28,547.3783
1987-03-31,548.1938
1987-04-30,549.3757
1987-05-31,551.5846
1987-06-30,554.5518
1987-07-31,553.2904
1987-08-31,553.955
1987-09-30,561.1577
1987-10-31,563.0739
1987-11-30,562.6052
1987-12-31,565.2319
1988-01-31,567.18
1988-02-29,568.4762
1988-03-31,571.2544
1988-04-30,577.398
1988-05-31,583.868
1988-06-30,588.9893
1988-07-31,593.791
1988-08-31,594.3887
1988-09-30,595.3106
1988-10-31,599.0389
1988-11-30,601.1266
1988-12-31,604.8488
1989-01-31,606.3592
1989-02-28,617.125
1989-03-31,616.3839
1989-04-30,619.1666
1989-05-31,624.3541
1989-06-30,624.2126
1989-07-31,630.8649
1989-08-31,635.119
1989-09-30,637.0275
1989-10-31,639.3536
1989-11-30,639.7143
1989-12-31,637.9449
1990-01-31,635.7875
1990-02-28,636.5317
1990-03-31,638.2437
1990-04-30,640.9802
1990-05-31,639.811
1990-06-30,641.3645
1990-07-31,639.7963
1990-08-31,640.2745
1990-09-30,639.3691
1990-10-31,637.518
1990-11-30,639.1886
1990-12-31,642.0284
1991-01-31,636.1319
1991-02-28,635.9164
1991-03-31,635.219
1991-04-30,631.3454
1991-05-31,627.7868
1991-06-30,626.1112
1991-07-31,623.1573
1991-08-31,618.3468
1991-09-30,620.4959
1991-10-31,620.9588
1991-11-30,618.4141
1991-12-31,618.8362
1992-01-31,613.5738
1992-02-29,609.6743
1992-03-31,607.3438
1992-04-30,604.4206
1992-05-31,602.2525
1992-06-30,600.7283
1992-07-31,599.2521
1992-08-31,597.2831
1992-09-30,598.3956
1992-10-31,596.8324
1992-11-30,596.8948
1992-12-31,596.9202
1993-01-31,595.4533
1993-02-28,593.4074
1993-03-31,591.3007
1993-04-30,585.5795
1993-05-31,588.0061
1993-06-30,589.9095
1993-07-31,587.9277
1993-08-31,587.8156
1993-09-30,585.4565
1993-10-31,583.9072
1993-11-30,584.0483
1993-12-31,583.9928
1994-01-31,587.4178
1994-02-28,587.9219
1994-03-31,594.7889
1994-04-30,600.4038
1994-05-31,604.7512
1994-06-30,608.7014
1994-07-31,616.5733
1994-08-31,622.3122
1994-09-30,625.0522
1994-10-31,631.6197
1994-11-30,638.4621
1994-12-31,643.9879
1995-01-31,654.3104
1995-02-28,666.3843
1995-03-31,673.4962
1995-04-30,677.4348
1995-05-31,686.0514
1995-06-30,690.3815
1995-07-31,698.6658
1995-08-31,703.1401
1995-09-30,706.2303
1995-10-31,706.4451
1995-11-30,712.7022
1995-12-31,715.1002
1996-01-31,721.7298
1996-02-29,723.945
1996-03-31,727.1887
1996-04-30,731.9809
1996-05-31,736.1981
1996-06-30,741.3047
1996-07-31,745.2041
1996-08-31,748.1998
1996-09-30,758.824
1996-10-31,766.2964
1996-11-30,772.1146
1996-12-31,778.5077
1997-01-31,782.1925
1997-02-28,788.9324
1997-03-31,795.3782
1997-04-30,803.8042
1997-05-31,808.9736
1997-06-30,813.3984
1997-07-31,816.7129
1997-08-31,822.9157
1997-09-30,830.3257
1997-10-31,834.4586
1997-11-30,839.8971
1997-12-31,844.8364
1998-01-31,855.3153
1998-02-28,862.0974
1998-03-31,865.7996
1998-04-30,864.2988
1998-05-31,875.6518
1998-06-30,891.15
1998-07-31,897.8608
1998-08-31,904.3571
1998-09-30,912.8299
1998-10-31,932.1106
1998-11-30,942.2355
1998-12-31,938.7909
1999-01-31,937.4063
1999-02-28,935.6172
1999-03-31,944.2363
1999-04-30,947.1871
1999-05-31,942.0807
1999-06-30,949.8025
1999-07-31,958.6382
1999-08-31,969.3807
1999-09-30,975.6399
1999-10-31,979.0983
1999-11-30,1000.2986
1999-12-31,1000.6226
2000-01-31,1003.1482
2000-02-29,1016.2395
2000-03-31,1026.2416
2000-04-30,1035.2058
2000-05-31,1051.7891
2000-06-30,1062.7574
2000-07-31,1068.6389
2000-08-31,1071.8339
2000-09-30,1073.3289
2000-10-31,1078.8326
2000-11-30,1080.5634
2000-12-31,1084.8969
2001-01-31,1093.6156
2001-02-28,1093.8498
2001-03-31,1092.1973
2001-04-30,1089.2749
2001-05-31,1083.9579
2001-06-30,1071.9119
2001-07-31,1063.9525
2001-08-31,1055.8851
2001-09-30,1059.5265
2001-10-31,1045.2523
2001-11-30,1034.2084
2001-12-31,1021.5675
2002-01-31,1011.7855
2002-02-28,1016.4296
2002-03-31,1012.0572
2002-04-30,1000.4692
2002-05-31,990.7703
2002-06-30,983.8954
2002-07-31,976.6186
2002-08-31,972.4442
2002-09-30,966.4242
2002-10-31,963.2808
2002-11-30,960.7924
2002-12-31,957.7599
2003-01-31,950.1322
2003-02-28,941.2618
2003-03-31,937.7421
2003-04-30,935.3311
2003-05-31,923.877
2003-06-30,917.209
2003-07-31,921.4341
2003-08-31,909.5964
2003-09-30,899.9446
2003-10-31,887.2151
2003-11-30,882.0882
2003-12-31,883.655
2004-01-31,876.2356
2004-02-29,874.2774
2004-03-31,869.5143
2004-04-30,864.7337
2004-05-31,862.6995
2004-06-30,869.0455
2004-07-31,878.117
2004-08-31,882.8316
2004-09-30,886.7373
2004-10-31,889.5302
2004-11-30,897.9707
2004-12-31,906.5194
2005-01-31,921.3183
2005-02-28,931.6006
2005-03-31,945.8622
2005-04-30,958.801
2005-05-31,968.6237
2005-06-30,975.0068
2005-07-31,989.703
2005-08-31,995.5061
2005-09-30,1000.7563
2005-10-31,1014.6763
2005-11-30,1023.0361
2005-12-31,1036.3155
2006-01-31,1048.677
2006-02-28,1058.2694
2006-03-31,1068.6019
2006-04-30,1085.217
2006-05-31,1103.3153
2006-06-30,1118.8134
2006-07-31,1130.7415
2006-08-31,1151.7102
2006-09-30,1150.8735
2006-10-31,1161.5392
2006-11-30,1170.5212
2006-12-31,1182.8014
2007-01-31,1192.29
2007-02-28,1204.8529
2007-03-31,1215.6537
2007-04-30,1226.6366
2007-05-31,1244.7308
2007-06-30,1263.9333
2007-07-31,1281.8644
2007-08-31,1306.9108
2007-09-30,1349.608
2007-10-31,1375.0587
2007-11-30,1394.4104
2007-12-31,1418.0137
2008-01-31,1440.7731
2008-02-29,1448.8634
2008-03-31,1470.5797
2008-04-30,1490.1961
2008-05-31,1491.5275
2008-06-30,1498.3048
2008-07-31,1512.2658
2008-08-31,1512.8682
2008-09-30,1530.4048
2008-10-31,1586.9164
2008-11-30,1576.3301
2008-12-31,1559.194
2009-01-31,1544.5985
2009-02-28,1532.4425
2009-03-31,1511.0127
2009-04-30,1491.647
2009-05-31,1469.7132
2009-06-30,1436.3434
2009-07-31,1395.4735
2009-08-31,1362.9194
2009-09-30,1337.3367
2009-10-31,1308.1789
2009-11-30,1290.6774
2009-12-31,1265.5793
2010-01-31,1238.5212
2010-02-28,1223.367
2010-03-31,1209.7429
2010-04-30,1207.5429
2010-05-31,1196.9216
2010-06-30,1190.1483
2010-07-31,1189.0278
2010-08-31,1187.4701
2010-09-30,1185.7277
2010-10-31,1185.2038
2010-11-30,1187.5082
2010-12-31,1192.7014
2011-01-31,1195.9352
2011-02-28,1199.5471
2011-03-31,1206.4413
2011-04-30,1214.9147
2011-05-31,1229.0589
2011-06-30,1233.6241
2011-07-31,1244.3309
2011-08-31,1263.0844
2011-09-30,1269.5994
2011-10-31,1280.3982
2011-11-30,1293.2356
2011-12-31,1304.0391
2012-01-31,1321.3179
2012-02-29,1344.1778
2012-03-31,1350.492
2012-04-30,1368.5956
2012-05-31,1379.0397
2012-06-30,1397.9731
2012-07-31,1413.7811
2012-08-31,1425.6215
2012-09-30,1434.331
2012-10-31,1449.5834
2012-11-30,1457.5771
2012-12-31,1474.5892
2013-01-31,1485.1014
2013-02-28,1491.2673
2013-03-31,1499.186
2013-04-30,1507.451
2013-05-31,1510.4217
2013-06-30,1521.7516
2013-07-31,1531.8942
2013-08-31,1533.0979
2013-09-30,1540.0041
2013-10-31,1549.6383
2013-11-30,1558.8509
2013-12-31,1574.33
2014-01-31,1586.7954
2014-02-28,1619.7096
2014-03-31,1633.3176
2014-04-30,1651.1911
2014-05-31,1663.6926
2014-06-30,1676.8043
2014-07-31,1694.9147
2014-08-31,1711.7561
2014-09-30,1725.7351
2014-10-31,1730.8096
2014-11-30,1751.6656
2014-12-31,1773.178
2015-01-31,1791.5773
2015-02-28,1807.9304
2015-03-31,1833.4502
2015-04-30,1847.9368
2015-05-31,1863.5293
2015-06-30,1880.1555
2015-07-31,1889.5042
2015-08-31,1903.4103
2015-09-30,1915.348
2015-10-31,1930.1677
2015-11-30,1946.3666
2015-12-31,1952.8521
2016-01-31,1963.8478
2016-02-29,1987.1478
2016-03-31,2017.6235
2016-04-30,2033.446
2016-05-31,2048.1212
2016-06-30,2050.7824
2016-07-31,2057.7702
2016-08-31,2051.3597
2016-09-30,2070.3166
2016-10-31,2086.261
2016-11-30,2089.4401
2016-12-31,2083.6422
2017-01-31,2082.1871
2017-02-28,2082.5725
2017-03-31,2064.8393
2017-04-30,2067.5158
2017-05-31,2071.7385
2017-06-30,2072.9162
2017-07-31,2076.081
2017-08-31,2084.0958
2017-09-30,2102.9052
2017-10-31,2112.9422
2017-11-30,2106.2299
2017-12-31,2105.3574
2018-01-31,2109.5759
2018-02-28,2112.0245
2018-03-31,2123.2264
2018-04-30,2167.1125
2018-05-31,2173.6766
2018-06-30,2191.1233
2018-07-31,2204.0928
2018-08-31,2209.5556
2018-09-30,2225.8849
2018-10-31,2250.5491
2018-11-30,2274.048
2018-12-31,2303.6527
2019-01-31,2325.3631
2019-02-28,2332.0383
2019-03-31,2337.5318
2019-04-30,2329.449
2019-05-31,2334.1018
2019-06-30,2338.7658
2019-07-31,2345.4666
2019-08-31,2363.8488
2019-09-30,2370.4403
2019-10-31,2370.4462
2019-11-30,2368.866
2019-12-31,2357.6035
2020-01-31,2353.8701
2020-02-29,2350.6023
2020-03-31,2564.3082
2020-04-30,2920.8995
2020-05-31,3035.7977
2020-06-30,2925.2981
2020-07-31,2856.1301
2020-08-31,2815.0439
2020-09-30,2759.992
2020-10-31,2698.3277
2020-11-30,2637.2822
2020-12-31,2590.6251
2021-01-31,2561.387
2021-02-28,2586.5954
2021-03-31,2586.7795
2021-04-30,2556.3543
2021-05-31,2545.6238
2021-06-30,2478.0379
2021-07-31,2450.3579
2021-08-31,2428.3734
2021-09-30,2416.6678
2021-10-31,2420.7405
2021-11-30,2434.992
2021-12-31,2473.1762
2022-01-31,2486.9777
2022-02-28,2499.0141
2022-03-31,2538.9137
2022-04-30,2565.6296
2022-05-31,2610.2452
2022-06-30,2667.8801
2022-07-31,2699.2413
2022-08-31,2724.0968
2022-09-30,2747.7509
2022-10-31,2771.3899
2022-11-30,2789.4296
2022-12-31,2798.0126
2023-01-31,2811.8455
2023-02-28,2806.7126
2023-03-31,2797.7693
2023-04-30,2771.1753
2023-05-31,2766.538
2023-06-30,2756.0049
2023-07-31,2755.3515
2023-08-31,2758.4104
2023-09-30,2760.7671
2023-10-31,2771.2859
2023-11-30,2762.7952
2023-12-31,2760.5797
2024-01-31,2758.8444
2024-02-29,2766.1063
2024-03-31,2751.3694
2024-04-30,2749.301
2024-05-31,2758.6482
2024-06-30,2765.4932
2024-07-31,2760.4065
2024-08-31,2766.5074
2024-09-30,2777.8894
2024-10-31,2784.707
2024-11-30,2787.6588
2024-12-31,2765.6634
2025-01-31,2664.302
2025-02-28,2671.3271
2025-03-31,2675.307
2025-04-30,2668.9914
2025-05-31,2679.5426
2025-06-30,2685.2841
2025-07-31,2674.3178
2025-08-31,2685.1998
2025-09-30,2693.9295
2025-10-31,2692.5473
2025-11-30,2698.2388
2025-12-31,2706.614
2026-01-31,2736.2772
2026-02-28,2787.9021
2026-03-31,2830.8256
2026-04-30,2874.0132
2026-05-31,2897.1215
