,continued_claims_monthly
1967-01-31,1118750.0
1967-02-28,1162500.0
1967-03-31,1243250.0
1967-04-30,1281000.0
1967-05-31,1277500.0
1967-06-30,1246000.0
1967-07-31,1246200.0
1967-08-31,1209250.0
1967-09-30,1181400.0
1967-10-31,1172250.0
1967-11-30,1148250.0
1967-12-31,1170600.0
1968-01-31,1173250.0
1968-02-29,1164000.0
1968-03-31,1139200.0
1968-04-30,1076000.0
1968-05-31,1078500.0
1968-06-30,1065800.0
1968-07-31,1060500.0
1968-08-31,1085000.0
1968-09-30,1051500.0
1968-10-31,1043250.0
1968-11-30,1042200.0
1968-12-31,1075750.0
1969-01-31,1091500.0
1969-02-28,1098500.0
1969-03-31,1077800.0
1969-04-30,1035750.0
1969-05-31,1004400.0
1969-06-30,1008750.0
1969-07-31,1086500.0
1969-08-31,1084000.0
1969-09-30,1090500.0
1969-10-31,1114250.0
1969-11-30,1167800.0
1969-12-31,1253750.0
1970-01-31,1365800.0
1970-02-28,1421000.0
1970-03-31,1483500.0
1970-04-30,1640000.0
1970-05-31,1826400.0
1970-06-30,1849750.0
1970-07-31,1879000.0
1970-08-31,1939600.0
1970-09-30,2056250.0
1970-10-31,2214200.0
1970-11-30,2299750.0
1970-12-31,2210000.0
1971-01-31,2100600.0
1971-02-28,2100000.0
1971-03-31,2138750.0
1971-04-30,2145250.0
1971-05-31,2170600.0
1971-06-30,2186750.0
1971-07-31,2122400.0
1971-08-31,2187500.0
1971-09-30,2239250.0
1971-10-31,2204600.0
1971-11-30,2145750.0
1971-12-31,2087000.0
1972-01-31,1923200.0
1972-02-29,1926500.0
1972-03-31,1898750.0
1972-04-30,1887800.0
1972-05-31,1875250.0
1972-06-30,1863250.0
1972-07-31,1949800.0
1972-08-31,1813250.0
1972-09-30,1798600.0
1972-10-31,1753500.0
1972-11-30,1732000.0
1972-12-31,1694600.0
1973-01-31,1621250.0
1973-02-28,1588500.0
1973-03-31,1570000.0
1973-04-30,1553750.0
1973-05-31,1559250.0
1973-06-30,1567200.0
1973-07-31,1601750.0
1973-08-31,1664750.0
1973-09-30,1670200.0
1973-10-31,1664250.0
1973-11-30,1706000.0
1973-12-31,1765800.0
1974-01-31,1957000.0
1974-02-28,2012250.0
1974-03-31,2055600.0
1974-04-30,2066000.0
1974-05-31,2051750.0
1974-06-30,2076200.0
1974-07-31,2122750.0
1974-08-31,2173800.0
1974-09-30,2279500.0
1974-10-31,2448750.0
1974-11-30,2803600.0
1974-12-31,3291250.0
1975-01-31,3619250.0
1975-02-28,3856500.0
1975-03-31,4175200.0
1975-04-30,4473500.0
1975-05-31,4578200.0
1975-06-30,4377250.0
1975-07-31,4144750.0
1975-08-31,3954200.0
1975-09-30,3895000.0
1975-10-31,3731250.0
1975-11-30,3494400.0
1975-12-31,3198250.0
1976-01-31,3035200.0
1976-02-29,2865750.0
1976-03-31,2843000.0
1976-04-30,2872250.0
1976-05-31,2941000.0
1976-06-30,2989500.0
1976-07-31,2995800.0
1976-08-31,3015250.0
1976-09-30,3070000.0
1976-10-31,3093000.0
1976-11-30,3055750.0
1976-12-31,2923500.0
1977-01-31,2827200.0
1977-02-28,2849000.0
1977-03-31,2702750.0
1977-04-30,2671200.0
1977-05-31,2631250.0
1977-06-30,2619250.0
1977-07-31,2583000.0
1977-08-31,2610500.0
1977-09-30,2589500.0
1977-10-31,2576200.0
1977-11-30,2568500.0
1977-12-31,2507000.0
1978-01-31,2493500.0
1978-02-28,2555500.0
1978-03-31,2499750.0
1978-04-30,2349600.0
1978-05-31,2231500.0
1978-06-30,2221750.0
1978-07-31,2313200.0
1978-08-31,2398000.0
1978-09-30,2269800.0
1978-10-31,2230500.0
1978-11-30,2223750.0
1978-12-31,2286600.0
1979-01-31,2382500.0
1979-02-28,2414250.0
1979-03-31,2385800.0
1979-04-30,2398500.0
1979-05-31,2259250.0
1979-06-30,2251600.0
1979-07-31,2358500.0
1979-08-31,2458250.0
1979-09-30,2428200.0
1979-10-31,2490000.0
1979-11-30,2602500.0
1979-12-31,2698800.0
1980-01-31,2781750.0
1980-02-29,2868500.0
1980-03-31,2881200.0
1980-04-30,3126500.0
1980-05-31,3544800.0
1980-06-30,3832500.0
1980-07-31,3845500.0
1980-08-31,3805200.0
1980-09-30,3693500.0
1980-10-31,3556250.0
1980-11-30,3300600.0
1980-12-31,3125500.0
1981-01-31,3038200.0
1981-02-28,2978000.0
1981-03-31,2899250.0
1981-04-30,2857000.0
1981-05-31,2904000.0
1981-06-30,2903250.0
1981-07-31,2883000.0
1981-08-31,2948400.0
1981-09-30,3013000.0
1981-10-31,3127000.0
1981-11-30,3337250.0
1981-12-31,3525250.0
1982-01-31,3533600.0
1982-02-28,3555500.0
1982-03-31,3655500.0
1982-04-30,3864500.0
1982-05-31,3991800.0
1982-06-30,4094250.0
1982-07-31,4101400.0
1982-08-31,4260250.0
1982-09-30,4452750.0
1982-10-31,4639600.0
1982-11-30,4601000.0
1982-12-31,4400000.0
1983-01-31,3919000.0
1983-02-28,3859250.0
1983-03-31,3767500.0
1983-04-30,3760200.0
1983-05-31,3624250.0
1983-06-30,3455500.0
1983-07-31,3189600.0
1983-08-31,3105750.0
1983-09-30,3007000.0
1983-10-31,2902800.0
1983-11-30,2787750.0
1983-12-31,2712200.0
1984-01-31,2549250.0
1984-02-29,2469500.0
1984-03-31,2424400.0
1984-04-30,2422250.0
1984-05-31,2385000.0
1984-06-30,2360400.0
1984-07-31,2353000.0
1984-08-31,2385750.0
1984-09-30,2434800.0
1984-10-31,2524000.0
1984-11-30,2584250.0
1984-12-31,2547000.0
1985-01-31,2552250.0
1985-02-28,2623500.0
1985-03-31,2564400.0
1985-04-30,2578750.0
1985-05-31,2560750.0
1985-06-30,2551800.0
1985-07-31,2542500.0
1985-08-31,2562600.0
1985-09-30,2580500.0
1985-10-31,2631750.0
1985-11-30,2625200.0
1985-12-31,2643750.0
1986-01-31,2604000.0
1986-02-28,2568500.0
1986-03-31,2593600.0
1986-04-30,2608750.0
1986-05-31,2671000.0
1986-06-30,2635000.0
1986-07-31,2608000.0
1986-08-31,2655600.0
1986-09-30,2707000.0
1986-10-31,2718750.0
1986-11-30,2630800.0
1986-12-31,2571250.0
1987-01-31,2512400.0
1987-02-28,2472000.0
1987-03-31,2429250.0
1987-04-30,2411000.0
1987-05-31,2324000.0
1987-06-30,2279000.0
1987-07-31,2196500.0
1987-08-31,2211600.0
1987-09-30,2196750.0
1987-10-31,2046800.0
1987-11-30,2082250.0
1987-12-31,2115500.0
1988-01-31,2188000.0
1988-02-29,2141500.0
1988-03-31,2112000.0
1988-04-30,2081200.0
1988-05-31,2067750.0
1988-06-30,2043000.0
1988-07-31,2065200.0
1988-08-31,2088000.0
1988-09-30,2075750.0
1988-10-31,2015600.0
1988-11-30,1978250.0
1988-12-31,2045200.0
1989-01-31,2061000.0
1989-02-28,2113750.0
1989-03-31,2131500.0
1989-04-30,2098800.0
1989-05-31,2093500.0
1989-06-30,2122750.0
1989-07-31,2179400.0
1989-08-31,2207250.0
1989-09-30,2208800.0
1989-10-31,2281000.0
1989-11-30,2285000.0
1989-12-31,2285000.0
1990-01-31,2354750.0
1990-02-28,2354000.0
1990-03-31,2363800.0
1990-04-30,2380250.0
1990-05-31,2390000.0
1990-06-30,2423800.0
1990-07-31,2471750.0
1990-08-31,2509250.0
1990-09-30,2595400.0
1990-10-31,2720750.0
1990-11-30,2888250.0
1990-12-31,2968200.0
1991-01-31,3088000.0
1991-02-28,3262750.0
1991-03-31,3419000.0
1991-04-30,3483250.0
1991-05-31,3486750.0
1991-06-30,3426800.0
1991-07-31,3307500.0
1991-08-31,3291800.0
1991-09-30,3296250.0
1991-10-31,3311000.0
1991-11-30,3310600.0
1991-12-31,3349250.0
1992-01-31,3353250.0
1992-02-29,3314600.0
1992-03-31,3312000.0
1992-04-30,3343750.0
1992-05-31,3344800.0
1992-06-30,3289750.0
1992-07-31,3217750.0
1992-08-31,3250200.0
1992-09-30,3204250.0
1992-10-31,3062400.0
1992-11-30,2949000.0
1992-12-31,2823750.0
1993-01-31,2713000.0
1993-02-28,2641000.0
1993-03-31,2687500.0
1993-04-30,2775500.0
1993-05-31,2778400.0
1993-06-30,2812000.0
1993-07-31,2782800.0
1993-08-31,2803250.0
1993-09-30,2826000.0
1993-10-31,2825000.0
1993-11-30,2800750.0
1993-12-31,2762250.0
1994-01-31,2709600.0
1994-02-28,2792500.0
1994-03-31,2754500.0
1994-04-30,2736600.0
1994-05-31,2752750.0
1994-06-30,2720000.0
1994-07-31,2659600.0
1994-08-31,2647500.0
1994-09-30,2629250.0
1994-10-31,2574000.0
1994-11-30,2532250.0
1994-12-31,2528800.0
1995-01-31,2512500.0
1995-02-28,2522500.0
1995-03-31,2531250.0
1995-04-30,2519400.0
1995-05-31,2573000.0
1995-06-30,2606750.0
1995-07-31,2622800.0
1995-08-31,2607250.0
1995-09-30,2626800.0
1995-10-31,2663250.0
1995-11-30,2672000.0
1995-12-31,2612600.0
1996-01-31,2648750.0
1996-02-29,2692750.0
1996-03-31,2685000.0
1996-04-30,2633500.0
1996-05-31,2590500.0
1996-06-30,2548000.0
1996-07-31,2490000.0
1996-08-31,2494400.0
1996-09-30,2473000.0
1996-10-31,2460250.0
1996-11-30,2428600.0
1996-12-31,2487750.0
1997-01-31,2487750.0
1997-02-28,2415000.0
1997-03-31,2347600.0
1997-04-30,2324250.0
1997-05-31,2302800.0
1997-06-30,2295500.0
1997-07-31,2269500.0
1997-08-31,2272400.0
1997-09-30,2234750.0
1997-10-31,2215500.0
1997-11-30,2215000.0
1997-12-31,2235250.0
1998-01-31,2275200.0
1998-02-28,2224250.0
1998-03-31,2221750.0
1998-04-30,2182500.0
1998-05-31,2134600.0
1998-06-30,2214250.0
1998-07-31,2333750.0
1998-08-31,2237600.0
1998-09-30,2153000.0
1998-10-31,2164400.0
1998-11-30,2203750.0
1998-12-31,2220250.0
1999-01-31,2287200.0
1999-02-28,2240500.0
1999-03-31,2227000.0
1999-04-30,2237500.0
1999-05-31,2214400.0
1999-06-30,2192250.0
1999-07-31,2193200.0
1999-08-31,2180250.0
1999-09-30,2162000.0
1999-10-31,2102800.0
1999-11-30,2085750.0
1999-12-31,2097250.0
2000-01-31,2109800.0
2000-02-29,2147500.0
2000-03-31,2079000.0
2000-04-30,2015400.0
2000-05-31,1989500.0
2000-06-30,2028250.0
2000-07-31,2085600.0
2000-08-31,2117250.0
2000-09-30,2119600.0
2000-10-31,2116250.0
2000-11-30,2211250.0
2000-12-31,2306400.0
2001-01-31,2395750.0
2001-02-28,2486500.0
2001-03-31,2585400.0
2001-04-30,2697250.0
2001-05-31,2819250.0
2001-06-30,2947400.0
2001-07-31,3030750.0
2001-08-31,3120000.0
2001-09-30,3262200.0
2001-10-31,3527500.0
2001-11-30,3656500.0
2001-12-31,3589400.0
2002-01-31,3550500.0
2002-02-28,3554250.0
2002-03-31,3610800.0
2002-04-30,3689250.0
2002-05-31,3712000.0
2002-06-30,3635200.0
2002-07-31,3504250.0
2002-08-31,3516800.0
2002-09-30,3555000.0
2002-10-31,3555750.0
2002-11-30,3482400.0
2002-12-31,3482750.0
2003-01-31,3414500.0
2003-02-28,3437000.0
2003-03-31,3540800.0
2003-04-30,3629750.0
2003-05-31,3719200.0
2003-06-30,3701500.0
2003-07-31,3616250.0
2003-08-31,3596400.0
2003-09-30,3575750.0
2003-10-31,3486250.0
2003-11-30,3373400.0
2003-12-31,3270250.0
2004-01-31,3148200.0
2004-02-29,3114750.0
2004-03-31,3046250.0
2004-04-30,3000750.0
2004-05-31,2975600.0
2004-06-30,2950750.0
2004-07-31,2917000.0
2004-08-31,2891500.0
2004-09-30,2862750.0
2004-10-31,2778000.0
2004-11-30,2734500.0
2004-12-31,2719000.0
2005-01-31,2723800.0
2005-02-28,2686500.0
2005-03-31,2659500.0
2005-04-30,2604400.0
2005-05-31,2586250.0
2005-06-30,2600000.0
2005-07-31,2595200.0
2005-08-31,2580750.0
2005-09-30,2716500.0
2005-10-31,2803400.0
2005-11-30,2701250.0
2005-12-31,2639400.0
2006-01-31,2557000.0
2006-02-28,2507250.0
2006-03-31,2455500.0
2006-04-30,2401000.0
2006-05-31,2383750.0
2006-06-30,2408500.0
2006-07-31,2449400.0
2006-08-31,2466250.0
2006-09-30,2446200.0
2006-10-31,2446250.0
2006-11-30,2476000.0
2006-12-31,2481200.0
2007-01-31,2524250.0
2007-02-28,2569250.0
2007-03-31,2519000.0
2007-04-30,2496000.0
2007-05-31,2447750.0
2007-06-30,2482000.0
2007-07-31,2542250.0
2007-08-31,2553000.0
2007-09-30,2537200.0
2007-10-31,2561750.0
2007-11-30,2616750.0
2007-12-31,2712000.0
2008-01-31,2798750.0
2008-02-29,2844250.0
2008-03-31,2912800.0
2008-04-30,2964000.0
2008-05-31,3013600.0
2008-06-30,3057750.0
2008-07-31,3176250.0
2008-08-31,3378000.0
2008-09-30,3521750.0
2008-10-31,3731000.0
2008-11-30,4096600.0
2008-12-31,4522250.0
2009-01-31,4861200.0
2009-02-28,5297000.0
2009-03-31,5765750.0
2009-04-30,6184500.0
2009-05-31,6525600.0
2009-06-30,6534250.0
2009-07-31,6139000.0
2009-08-31,6047800.0
2009-09-30,5984750.0
2009-10-31,5765600.0
2009-11-30,5460500.0
2009-12-31,5141750.0
2010-01-31,4839000.0
2010-02-28,4793750.0
2010-03-31,4731750.0
2010-04-30,4728000.0
2010-05-31,4674800.0
2010-06-30,4583250.0
2010-07-31,4528600.0
2010-08-31,4461250.0
2010-09-30,4467750.0
2010-10-31,4363400.0
2010-11-30,4195500.0
2010-12-31,4100000.0
2011-01-31,3918400.0
2011-02-28,3849250.0
2011-03-31,3765500.0
2011-04-30,3770800.0
2011-05-31,3773750.0
2011-06-30,3741750.0
2011-07-31,3721600.0
2011-08-31,3716000.0
2011-09-30,3742750.0
2011-10-31,3701600.0
2011-11-30,3652500.0
2011-12-31,3573400.0
2012-01-31,3451250.0
2012-02-29,3381750.0
2012-03-31,3336800.0
2012-04-30,3323000.0
2012-05-31,3328000.0
2012-06-30,3324400.0
2012-07-31,3305750.0
2012-08-31,3306250.0
2012-09-30,3314400.0
2012-10-31,3276250.0
2012-11-30,3326250.0
2012-12-31,3190200.0
2013-01-31,3132750.0
2013-02-28,3058750.0
2013-03-31,3037800.0
2013-04-30,3041500.0
2013-05-31,3012250.0
2013-06-30,2992800.0
2013-07-31,3020250.0
2013-08-31,2934400.0
2013-09-30,2895750.0
2013-10-31,2928500.0
2013-11-30,2851200.0
2013-12-31,2858500.0
2014-01-31,2876750.0
2014-02-28,2848750.0
2014-03-31,2779200.0
2014-04-30,2721000.0
2014-05-31,2667400.0
2014-06-30,2588750.0
2014-07-31,2533500.0
2014-08-31,2504800.0
2014-09-30,2447750.0
2014-10-31,2423250.0
2014-11-30,2408800.0
2014-12-31,2380000.0
2015-01-31,2349800.0
2015-02-28,2340250.0
2015-03-31,2326500.0
2015-04-30,2281500.0
2015-05-31,2260400.0
2015-06-30,2273750.0
2015-07-31,2244750.0
2015-08-31,2254000.0
2015-09-30,2243000.0
2015-10-31,2207600.0
2015-11-30,2208500.0
2015-12-31,2203750.0
2016-01-31,2207600.0
2016-02-29,2200500.0
2016-03-31,2167250.0
2016-04-30,2149000.0
2016-05-31,2169750.0
2016-06-30,2156750.0
2016-07-31,2134600.0
2016-08-31,2145000.0
2016-09-30,2109500.0
2016-10-31,2072600.0
2016-11-30,2044750.0
2016-12-31,2048400.0
2017-01-31,2081000.0
2017-02-28,2059750.0
2017-03-31,2017500.0
2017-04-30,1955400.0
2017-05-31,1896250.0
2017-06-30,1916750.0
2017-07-31,1927200.0
2017-08-31,1923500.0
2017-09-30,1892800.0
2017-10-31,1902750.0
2017-11-30,1963500.0
2017-12-31,1971000.0
2018-01-31,1979500.0
2018-02-28,1974250.0
2018-03-31,1945400.0
2018-04-30,1877500.0
2018-05-31,1755500.0
2018-06-30,1679400.0
2018-07-31,1654000.0
2018-08-31,1614000.0
2018-09-30,1551000.0
2018-10-31,1592750.0
2018-11-30,1685000.0
2018-12-31,1749600.0
2019-01-31,1779500.0
2019-02-28,1801500.0
2019-03-31,1780200.0
2019-04-30,1666500.0
2019-05-31,1628000.0
2019-06-30,1631000.0
2019-07-31,1631000.0
2019-08-31,1619600.0
2019-09-30,1581000.0
2019-10-31,1618500.0
2019-11-30,1685200.0
2019-12-31,1769500.0
2020-01-31,1800250.0
2020-02-29,1770200.0
2020-03-31,3709750.0
2020-04-30,17032000.0
2020-05-31,20326400.0
2020-06-30,17678500.0
2020-07-31,16563000.0
2020-08-31,14013400.0
2020-09-30,11824250.0
2020-10-31,7871400.0
2020-11-30,5948250.0
2020-12-31,5384500.0
2021-01-31,4944600.0
2021-02-28,4431750.0
2021-03-31,3975250.0
2021-04-30,3788000.0
2021-05-31,3621600.0
2021-06-30,3298500.0
2021-07-31,3006800.0
2021-08-31,2782500.0
2021-09-30,2722250.0
2021-10-31,2357800.0
2021-11-30,1920250.0
2021-12-31,1716250.0
2022-01-31,1703000.0
2022-02-28,1634000.0
2022-03-31,1543500.0
2022-04-30,1432400.0
2022-05-31,1367000.0
2022-06-30,1365250.0
2022-07-31,1392600.0
2022-08-31,1417250.0
2022-09-30,1394500.0
2022-10-31,1411400.0
2022-11-30,1458000.0
2022-12-31,1566000.0
2023-01-31,1604000.0
2023-02-28,1646500.0
2023-03-31,1683250.0
2023-04-30,1716000.0
2023-05-31,1724500.0
2023-06-30,1760250.0
2023-07-31,1777200.0
2023-08-31,1806750.0
2023-09-30,1800200.0
2023-10-31,1810250.0
2023-11-30,1801000.0
2023-12-31,1796400.0
2024-01-31,1777250.0
2024-02-29,1793500.0
2024-03-31,1799000.0
2024-04-30,1783750.0
2024-05-31,1798750.0
2024-06-30,1841000.0
2024-07-31,1864000.0
2024-08-31,1854400.0
2024-09-30,1834750.0
2024-10-31,1870000.0
2024-11-30,1873800.0
2024-12-31,1861750.0
2025-01-31,1867750.0
2025-02-28,1860000.0
2025-03-31,1865200.0
2025-04-30,1874500.0
2025-05-31,1906600.0
2025-06-30,1950250.0
2025-07-31,1947250.0
2025-08-31,1941000.0
2025-09-30,1922750.0
2025-10-31,1947500.0
2025-11-30,1932800.0
2025-12-31,1889250.0
2026-01-31,1852800.0
2026-02-28,1852500.0
2026-03-31,1821500.0
2026-04-30,1787750.0
2026-05-31,1779600.0
