,nfci_monthly
1971-01-31,0.706
1971-02-28,0.876
1971-03-31,1.077
1971-04-30,1.418
1971-05-31,1.393
1971-06-30,1.028
1971-07-31,1.253
1971-08-31,2.027
1971-09-30,2.188
1971-10-31,1.575
1971-11-30,1.359
1971-12-31,1.307
1972-01-31,0.984
1972-02-29,0.606
1972-03-31,0.333
1972-04-30,0.147
1972-05-31,0.03
1972-06-30,0.211
1972-07-31,0.331
1972-08-31,0.155
1972-09-30,-0.113
1972-10-31,-0.181
1972-11-30,-0.255
1972-12-31,-0.21
1973-01-31,0.245
1973-02-28,0.911
1973-03-31,1.276
1973-04-30,1.204
1973-05-31,1.122
1973-06-30,1.285
1973-07-31,1.731
1973-08-31,2.306
1973-09-30,2.411
1973-10-31,2.23
1973-11-30,2.089
1973-12-31,1.763
1974-01-31,1.031
1974-02-28,0.48
1974-03-31,0.814
1974-04-30,1.898
1974-05-31,3.69
1974-06-30,4.863
1974-07-31,5.201
1974-08-31,4.638
1974-09-30,3.998
1974-10-31,3.291
1974-11-30,2.738
1974-12-31,2.45
1975-01-31,1.738
1975-02-28,1.134
1975-03-31,0.682
1975-04-30,0.296
1975-05-31,-0.075
1975-06-30,-0.171
1975-07-31,-0.157
1975-08-31,-0.071
1975-09-30,0.06
1975-10-31,0.153
1975-11-30,0.063
1975-12-31,-0.186
1976-01-31,-0.534
1976-02-29,-0.695
1976-03-31,-0.744
1976-04-30,-0.628
1976-05-31,-0.485
1976-06-30,-0.478
1976-07-31,-0.624
1976-08-31,-0.708
1976-09-30,-0.725
1976-10-31,-0.688
1976-11-30,-0.666
1976-12-31,-0.762
1977-01-31,-0.901
1977-02-28,-0.946
1977-03-31,-0.853
1977-04-30,-0.652
1977-05-31,-0.522
1977-06-30,-0.489
1977-07-31,-0.512
1977-08-31,-0.485
1977-09-30,-0.375
1977-10-31,-0.268
1977-11-30,-0.214
1977-12-31,-0.258
1978-01-31,-0.295
1978-02-28,-0.216
1978-03-31,0.042
1978-04-30,0.294
1978-05-31,0.526
1978-06-30,0.653
1978-07-31,0.568
1978-08-31,0.481
1978-09-30,0.888
1978-10-31,1.598
1978-11-30,2.024
1978-12-31,1.724
1979-01-31,1.132
1979-02-28,0.605
1979-03-31,0.266
1979-04-30,0.266
1979-05-31,0.455
1979-06-30,0.839
1979-07-31,1.169
1979-08-31,1.698
1979-09-30,2.191
1979-10-31,2.504
1979-11-30,2.304
1979-12-31,1.887
1980-01-31,1.785
1980-02-29,2.688
1980-03-31,3.746
1980-04-30,3.932
1980-05-31,2.71
1980-06-30,1.511
1980-07-31,0.83
1980-08-31,0.88
1980-09-30,1.223
1980-10-31,1.991
1980-11-30,2.878
1980-12-31,3.322
1981-01-31,2.703
1981-02-28,1.971
1981-03-31,1.667
1981-04-30,1.928
1981-05-31,2.707
1981-06-30,3.316
1981-07-31,3.52
1981-08-31,3.266
1981-09-30,2.988
1981-10-31,2.71
1981-11-30,2.39
1981-12-31,2.077
1982-01-31,1.909
1982-02-28,2.008
1982-03-31,2.111
1982-04-30,2.268
1982-05-31,2.596
1982-06-30,2.92
1982-07-31,3.053
1982-08-31,3.349
1982-09-30,3.383
1982-10-31,2.159
1982-11-30,1.136
1982-12-31,0.533
1983-01-31,0.241
1983-02-28,0.068
1983-03-31,0.011
1983-04-30,-0.096
1983-05-31,-0.191
1983-06-30,-0.175
1983-07-31,-0.089
1983-08-31,-0.085
1983-09-30,-0.084
1983-10-31,0.007
1983-11-30,0.097
1983-12-31,0.058
1984-01-31,-0.097
1984-02-29,-0.196
1984-03-31,-0.033
1984-04-30,0.378
1984-05-31,0.885
1984-06-30,1.211
1984-07-31,1.01
1984-08-31,0.573
1984-09-30,0.322
1984-10-31,0.105
1984-11-30,-0.119
1984-12-31,-0.282
1985-01-31,-0.39
1985-02-28,-0.351
1985-03-31,-0.273
1985-04-30,-0.338
1985-05-31,-0.463
1985-06-30,-0.443
1985-07-31,-0.32
1985-08-31,-0.15
1985-09-30,-0.147
1985-10-31,-0.274
1985-11-30,-0.334
1985-12-31,-0.271
1986-01-31,-0.264
1986-02-28,-0.305
1986-03-31,-0.341
1986-04-30,-0.427
1986-05-31,-0.481
1986-06-30,-0.45
1986-07-31,-0.498
1986-08-31,-0.593
1986-09-30,-0.558
1986-10-31,-0.546
1986-11-30,-0.554
1986-12-31,-0.514
1987-01-31,-0.491
1987-02-28,-0.439
1987-03-31,-0.177
1987-04-30,0.305
1987-05-31,0.618
1987-06-30,0.421
1987-07-31,0.048
1987-08-31,0.037
1987-09-30,0.489
1987-10-31,1.099
1987-11-30,1.107
1987-12-31,0.831
1988-01-31,0.362
1988-02-29,0.134
1988-03-31,0.132
1988-04-30,0.247
1988-05-31,0.255
1988-06-30,0.302
1988-07-31,0.428
1988-08-31,0.397
1988-09-30,0.253
1988-10-31,0.186
1988-11-30,0.155
1988-12-31,0.141
1989-01-31,0.188
1989-02-28,0.408
1989-03-31,0.715
1989-04-30,0.619
1989-05-31,0.363
1989-06-30,0.255
1989-07-31,0.207
1989-08-31,0.237
1989-09-30,0.379
1989-10-31,0.301
1989-11-30,0.102
1989-12-31,0.025
1990-01-31,0.063
1990-02-28,0.051
1990-03-31,0.077
1990-04-30,0.11
1990-05-31,-0.007
1990-06-30,-0.155
1990-07-31,-0.073
1990-08-31,0.184
1990-09-30,0.379
1990-10-31,0.455
1990-11-30,0.47
1990-12-31,0.519
1991-01-31,0.392
1991-02-28,0.102
1991-03-31,-0.149
1991-04-30,-0.235
1991-05-31,-0.237
1991-06-30,-0.27
1991-07-31,-0.415
1991-08-31,-0.541
1991-09-30,-0.561
1991-10-31,-0.581
1991-11-30,-0.628
1991-12-31,-0.663
1992-01-31,-0.657
1992-02-29,-0.655
1992-03-31,-0.683
1992-04-30,-0.761
1992-05-31,-0.859
1992-06-30,-0.914
1992-07-31,-0.936
1992-08-31,-0.898
1992-09-30,-0.804
1992-10-31,-0.683
1992-11-30,-0.735
1992-12-31,-0.881
1993-01-31,-0.957
1993-02-28,-0.956
1993-03-31,-0.975
1993-04-30,-0.994
1993-05-31,-0.982
1993-06-30,-1.02
1993-07-31,-1.091
1993-08-31,-1.09
1993-09-30,-1.051
1993-10-31,-0.966
1993-11-30,-0.937
1993-12-31,-1.004
1994-01-31,-1.012
1994-02-28,-0.919
1994-03-31,-0.791
1994-04-30,-0.722
1994-05-31,-0.722
1994-06-30,-0.717
1994-07-31,-0.77
1994-08-31,-0.806
1994-09-30,-0.694
1994-10-31,-0.6
1994-11-30,-0.503
1994-12-31,-0.405
1995-01-31,-0.505
1995-02-28,-0.621
1995-03-31,-0.639
1995-04-30,-0.672
1995-05-31,-0.712
1995-06-30,-0.672
1995-07-31,-0.68
1995-08-31,-0.712
1995-09-30,-0.698
1995-10-31,-0.714
1995-11-30,-0.752
1995-12-31,-0.744
1996-01-31,-0.793
1996-02-29,-0.82
1996-03-31,-0.719
1996-04-30,-0.686
1996-05-31,-0.717
1996-06-30,-0.701
1996-07-31,-0.711
1996-08-31,-0.745
1996-09-30,-0.732
1996-10-31,-0.765
1996-11-30,-0.771
1996-12-31,-0.707
1997-01-31,-0.71
1997-02-28,-0.736
1997-03-31,-0.691
1997-04-30,-0.639
1997-05-31,-0.628
1997-06-30,-0.641
1997-07-31,-0.657
1997-08-31,-0.648
1997-09-30,-0.613
1997-10-31,-0.511
1997-11-30,-0.473
1997-12-31,-0.513
1998-01-31,-0.598
1998-02-28,-0.639
1998-03-31,-0.626
1998-04-30,-0.604
1998-05-31,-0.571
1998-06-30,-0.556
1998-07-31,-0.51
1998-08-31,-0.314
1998-09-30,-0.069
1998-10-31,-0.006
1998-11-30,-0.115
1998-12-31,-0.191
1999-01-31,-0.273
1999-02-28,-0.353
1999-03-31,-0.404
1999-04-30,-0.425
1999-05-31,-0.401
1999-06-30,-0.331
1999-07-31,-0.211
1999-08-31,-0.149
1999-09-30,-0.1
1999-10-31,-0.111
1999-11-30,-0.168
1999-12-31,-0.172
2000-01-31,-0.21
2000-02-29,-0.189
2000-03-31,-0.088
2000-04-30,-0.032
2000-05-31,0.025
2000-06-30,-0.001
2000-07-31,-0.115
2000-08-31,-0.198
2000-09-30,-0.196
2000-10-31,-0.167
2000-11-30,-0.106
2000-12-31,-0.09
2001-01-31,-0.224
2001-02-28,-0.277
2001-03-31,-0.253
2001-04-30,-0.333
2001-05-31,-0.422
2001-06-30,-0.459
2001-07-31,-0.498
2001-08-31,-0.43
2001-09-30,-0.336
2001-10-31,-0.381
2001-11-30,-0.372
2001-12-31,-0.37
2002-01-31,-0.461
2002-02-28,-0.49
2002-03-31,-0.502
2002-04-30,-0.579
2002-05-31,-0.623
2002-06-30,-0.537
2002-07-31,-0.438
2002-08-31,-0.388
2002-09-30,-0.352
2002-10-31,-0.385
2002-11-30,-0.453
2002-12-31,-0.47
2003-01-31,-0.523
2003-02-28,-0.536
2003-03-31,-0.587
2003-04-30,-0.682
2003-05-31,-0.711
2003-06-30,-0.712
2003-07-31,-0.71
2003-08-31,-0.668
2003-09-30,-0.681
2003-10-31,-0.715
2003-11-30,-0.714
2003-12-31,-0.723
2004-01-31,-0.786
2004-02-29,-0.814
2004-03-31,-0.802
2004-04-30,-0.74
2004-05-31,-0.695
2004-06-30,-0.686
2004-07-31,-0.696
2004-08-31,-0.701
2004-09-30,-0.7
2004-10-31,-0.705
2004-11-30,-0.715
2004-12-31,-0.697
2005-01-31,-0.703
2005-02-28,-0.71
2005-03-31,-0.665
2005-04-30,-0.61
2005-05-31,-0.599
2005-06-30,-0.603
2005-07-31,-0.614
2005-08-31,-0.599
2005-09-30,-0.567
2005-10-31,-0.584
2005-11-30,-0.581
2005-12-31,-0.563
2006-01-31,-0.603
2006-02-28,-0.633
2006-03-31,-0.628
2006-04-30,-0.619
2006-05-31,-0.582
2006-06-30,-0.529
2006-07-31,-0.559
2006-08-31,-0.603
2006-09-30,-0.606
2006-10-31,-0.628
2006-11-30,-0.627
2006-12-31,-0.633
2007-01-31,-0.68
2007-02-28,-0.662
2007-03-31,-0.606
2007-04-30,-0.588
2007-05-31,-0.553
2007-06-30,-0.521
2007-07-31,-0.29
2007-08-31,0.205
2007-09-30,0.077
2007-10-31,0.0
2007-11-30,0.481
2007-12-31,0.522
2008-01-31,0.417
2008-02-29,0.793
2008-03-31,0.947
2008-04-30,0.651
2008-05-31,0.506
2008-06-30,0.714
2008-07-31,0.717
2008-08-31,0.842
2008-09-30,1.791
2008-10-31,2.786
2008-11-30,3.066
2008-12-31,2.712
2009-01-31,2.136
2009-02-28,2.141
2009-03-31,1.93
2009-04-30,1.384
2009-05-31,0.879
2009-06-30,0.728
2009-07-31,0.42
2009-08-31,0.233
2009-09-30,0.105
2009-10-31,0.024
2009-11-30,-0.029
2009-12-31,-0.149
2010-01-31,-0.198
2010-02-28,-0.243
2010-03-31,-0.415
2010-04-30,-0.349
2010-05-31,-0.068
2010-06-30,-0.07
2010-07-31,-0.244
2010-08-31,-0.267
2010-09-30,-0.33
2010-10-31,-0.432
2010-11-30,-0.449
2010-12-31,-0.523
2011-01-31,-0.594
2011-02-28,-0.574
2011-03-31,-0.549
2011-04-30,-0.6
2011-05-31,-0.561
2011-06-30,-0.519
2011-07-31,-0.394
2011-08-31,-0.136
2011-09-30,-0.038
2011-10-31,-0.103
2011-11-30,-0.072
2011-12-31,-0.149
2012-01-31,-0.324
2012-02-29,-0.408
2012-03-31,-0.436
2012-04-30,-0.378
2012-05-31,-0.26
2012-06-30,-0.275
2012-07-31,-0.367
2012-08-31,-0.462
2012-09-30,-0.529
2012-10-31,-0.55
2012-11-30,-0.556
2012-12-31,-0.6
2013-01-31,-0.644
2013-02-28,-0.651
2013-03-31,-0.665
2013-04-30,-0.706
2013-05-31,-0.692
2013-06-30,-0.63
2013-07-31,-0.661
2013-08-31,-0.665
2013-09-30,-0.678
2013-10-31,-0.727
2013-11-30,-0.77
2013-12-31,-0.78
2014-01-31,-0.764
2014-02-28,-0.777
2014-03-31,-0.777
2014-04-30,-0.769
2014-05-31,-0.79
2014-06-30,-0.784
2014-07-31,-0.739
2014-08-31,-0.722
2014-09-30,-0.673
2014-10-31,-0.644
2014-11-30,-0.649
2014-12-31,-0.571
2015-01-31,-0.506
2015-02-28,-0.531
2015-03-31,-0.549
2015-04-30,-0.557
2015-05-31,-0.554
2015-06-30,-0.545
2015-07-31,-0.502
2015-08-31,-0.412
2015-09-30,-0.397
2015-10-31,-0.465
2015-11-30,-0.44
2015-12-31,-0.35
2016-01-31,-0.276
2016-02-29,-0.299
2016-03-31,-0.368
2016-04-30,-0.387
2016-05-31,-0.373
2016-06-30,-0.35
2016-07-31,-0.368
2016-08-31,-0.364
2016-09-30,-0.346
2016-10-31,-0.387
2016-11-30,-0.437
2016-12-31,-0.474
2017-01-31,-0.493
2017-02-28,-0.494
2017-03-31,-0.487
2017-04-30,-0.513
2017-05-31,-0.551
2017-06-30,-0.574
2017-07-31,-0.582
2017-08-31,-0.564
2017-09-30,-0.573
2017-10-31,-0.599
2017-11-30,-0.607
2017-12-31,-0.619
2018-01-31,-0.609
2018-02-28,-0.547
2018-03-31,-0.5
2018-04-30,-0.542
2018-05-31,-0.567
2018-06-30,-0.541
2018-07-31,-0.564
2018-08-31,-0.599
2018-09-30,-0.593
2018-10-31,-0.551
2018-11-30,-0.46
2018-12-31,-0.425
2019-01-31,-0.504
2019-02-28,-0.578
2019-03-31,-0.603
2019-04-30,-0.611
2019-05-31,-0.577
2019-06-30,-0.572
2019-07-31,-0.573
2019-08-31,-0.523
2019-09-30,-0.508
2019-10-31,-0.546
2019-11-30,-0.567
2019-12-31,-0.551
2020-01-31,-0.617
2020-02-29,-0.294
2020-03-31,0.269
2020-04-30,0.157
2020-05-31,-0.269
2020-06-30,-0.385
2020-07-31,-0.475
2020-08-31,-0.507
2020-09-30,-0.492
2020-10-31,-0.506
2020-11-30,-0.567
2020-12-31,-0.603
2021-01-31,-0.618
2021-02-28,-0.626
2021-03-31,-0.648
2021-04-30,-0.681
2021-05-31,-0.692
2021-06-30,-0.685
2021-07-31,-0.654
2021-08-31,-0.646
2021-09-30,-0.652
2021-10-31,-0.621
2021-11-30,-0.55
2021-12-31,-0.555
2022-01-31,-0.54
2022-02-28,-0.437
2022-03-31,-0.372
2022-04-30,-0.335
2022-05-31,-0.257
2022-06-30,-0.17
2022-07-31,-0.217
2022-08-31,-0.224
2022-09-30,-0.105
2022-10-31,-0.124
2022-11-30,-0.18
2022-12-31,-0.222
2023-01-31,-0.306
2023-02-28,-0.269
2023-03-31,-0.152
2023-04-30,-0.19
2023-05-31,-0.212
2023-06-30,-0.227
2023-07-31,-0.279
2023-08-31,-0.332
2023-09-30,-0.311
2023-10-31,-0.284
2023-11-30,-0.32
2023-12-31,-0.365
2024-01-31,-0.395
2024-02-29,-0.425
2024-03-31,-0.43
2024-04-30,-0.411
2024-05-31,-0.407
2024-06-30,-0.379
2024-07-31,-0.36
2024-08-31,-0.39
2024-09-30,-0.426
2024-10-31,-0.443
2024-11-30,-0.473
2024-12-31,-0.482
2025-01-31,-0.506
2025-02-28,-0.478
2025-03-31,-0.408
2025-04-30,-0.389
2025-05-31,-0.464
2025-06-30,-0.494
2025-07-31,-0.516
2025-08-31,-0.524
2025-09-30,-0.523
2025-10-31,-0.51
2025-11-30,-0.506
2025-12-31,-0.534
2026-01-31,-0.56
2026-02-28,-0.504
2026-03-31,-0.454
2026-04-30,-0.487
2026-05-31,-0.504
2026-06-30,-0.505
