,payems_monthly
1939-01-31,29923.0
1939-02-28,30100.0
1939-03-31,30280.0
1939-04-30,30094.0
1939-05-31,30299.0
1939-06-30,30502.0
1939-07-31,30419.0
1939-08-31,30663.0
1939-09-30,31031.0
1939-10-31,31411.0
1939-11-30,31470.0
1939-12-31,31542.0
1940-01-31,31603.0
1940-02-29,31715.0
1940-03-31,31825.0
1940-04-30,31701.0
1940-05-31,31879.0
1940-06-30,31977.0
1940-07-31,31942.0
1940-08-31,32352.0
1940-09-30,32810.0
1940-10-31,33267.0
1940-11-30,33669.0
1940-12-31,34174.0
1941-01-31,34481.0
1941-02-28,34843.0
1941-03-31,35092.0
1941-04-30,35468.0
1941-05-31,36182.0
1941-06-30,36650.0
1941-07-31,37137.0
1941-08-31,37544.0
1941-09-30,37835.0
1941-10-31,37949.0
1941-11-30,38024.0
1941-12-31,38104.0
1942-01-31,38347.0
1942-02-28,38512.0
1942-03-31,38935.0
1942-04-30,39352.0
1942-05-31,39771.0
1942-06-30,40029.0
1942-07-31,40472.0
1942-08-31,40988.0
1942-09-30,41259.0
1942-10-31,41515.0
1942-11-30,41674.0
1942-12-31,41915.0
1943-01-31,42172.0
1943-02-28,42393.0
1943-03-31,42552.0
1943-04-30,42647.0
1943-05-31,42596.0
1943-06-30,42781.0
1943-07-31,42700.0
1943-08-31,42546.0
1943-09-30,42492.0
1943-10-31,42675.0
1943-11-30,42821.0
1943-12-31,42746.0
1944-01-31,42654.0
1944-02-29,42538.0
1944-03-31,42294.0
1944-04-30,42063.0
1944-05-31,41985.0
1944-06-30,41947.0
1944-07-31,41904.0
1944-08-31,41850.0
1944-09-30,41679.0
1944-10-31,41708.0
1944-11-30,41711.0
1944-12-31,41860.0
1945-01-31,41895.0
1945-02-28,41897.0
1945-03-31,41798.0
1945-04-30,41446.0
1945-05-31,41304.0
1945-06-30,41149.0
1945-07-31,40874.0
1945-08-31,40466.0
1945-09-30,38507.0
1945-10-31,38600.0
1945-11-30,38996.0
1945-12-31,39110.0
1946-01-31,39829.0
1946-02-28,39244.0
1946-03-31,40195.0
1946-04-30,40913.0
1946-05-31,41349.0
1946-06-30,41735.0
1946-07-31,42153.0
1946-08-31,42642.0
1946-09-30,42915.0
1946-10-31,43093.0
1946-11-30,43395.0
1946-12-31,43379.0
1947-01-31,43535.0
1947-02-28,43557.0
1947-03-31,43607.0
1947-04-30,43499.0
1947-05-31,43638.0
1947-06-30,43810.0
1947-07-31,43743.0
1947-08-31,43960.0
1947-09-30,44203.0
1947-10-31,44411.0
1947-11-30,44484.0
1947-12-31,44581.0
1948-01-31,44679.0
1948-02-29,44533.0
1948-03-31,44683.0
1948-04-30,44379.0
1948-05-31,44796.0
1948-06-30,45034.0
1948-07-31,45160.0
1948-08-31,45178.0
1948-09-30,45294.0
1948-10-31,45245.0
1948-11-30,45192.0
1948-12-31,45032.0
1949-01-31,44668.0
1949-02-28,44497.0
1949-03-31,44240.0
1949-04-30,44236.0
1949-05-31,43984.0
1949-06-30,43739.0
1949-07-31,43531.0
1949-08-31,43624.0
1949-09-30,43780.0
1949-10-31,42942.0
1949-11-30,43242.0
1949-12-31,43522.0
1950-01-31,43526.0
1950-02-28,43297.0
1950-03-31,43954.0
1950-04-30,44382.0
1950-05-31,44718.0
1950-06-30,45083.0
1950-07-31,45454.0
1950-08-31,46192.0
1950-09-30,46438.0
1950-10-31,46706.0
1950-11-30,46776.0
1950-12-31,46861.0
1951-01-31,47288.0
1951-02-28,47577.0
1951-03-31,47873.0
1951-04-30,47861.0
1951-05-31,47952.0
1951-06-30,48064.0
1951-07-31,48061.0
1951-08-31,48012.0
1951-09-30,47954.0
1951-10-31,48006.0
1951-11-30,48147.0
1951-12-31,48314.0
1952-01-31,48296.0
1952-02-29,48522.0
1952-03-31,48504.0
1952-04-30,48620.0
1952-05-31,48642.0
1952-06-30,48282.0
1952-07-31,48143.0
1952-08-31,48924.0
1952-09-30,49320.0
1952-10-31,49597.0
1952-11-30,49816.0
1952-12-31,50166.0
1953-01-31,50144.0
1953-02-28,50339.0
1953-03-31,50473.0
1953-04-30,50435.0
1953-05-31,50490.0
1953-06-30,50519.0
1953-07-31,50536.0
1953-08-31,50489.0
1953-09-30,50368.0
1953-10-31,50240.0
1953-11-30,49908.0
1953-12-31,49703.0
1954-01-31,49469.0
1954-02-28,49382.0
1954-03-31,49157.0
1954-04-30,49179.0
1954-05-31,48965.0
1954-06-30,48895.0
1954-07-31,48835.0
1954-08-31,48826.0
1954-09-30,48886.0
1954-10-31,48942.0
1954-11-30,49180.0
1954-12-31,49331.0
1955-01-31,49496.0
1955-02-28,49644.0
1955-03-31,49962.0
1955-04-30,50248.0
1955-05-31,50512.0
1955-06-30,50790.0
1955-07-31,50987.0
1955-08-31,51111.0
1955-09-30,51266.0
1955-10-31,51429.0
1955-11-30,51592.0
1955-12-31,51805.0
1956-01-31,51975.0
1956-02-29,52167.0
1956-03-31,52294.0
1956-04-30,52375.0
1956-05-31,52506.0
1956-06-30,52586.0
1956-07-31,51955.0
1956-08-31,52631.0
1956-09-30,52604.0
1956-10-31,52777.0
1956-11-30,52821.0
1956-12-31,52929.0
1957-01-31,52887.0
1957-02-28,53097.0
1957-03-31,53156.0
1957-04-30,53238.0
1957-05-31,53150.0
1957-06-30,53067.0
1957-07-31,53123.0
1957-08-31,53128.0
1957-09-30,52934.0
1957-10-31,52763.0
1957-11-30,52558.0
1957-12-31,52384.0
1958-01-31,52076.0
1958-02-28,51576.0
1958-03-31,51299.0
1958-04-30,51027.0
1958-05-31,50914.0
1958-06-30,50914.0
1958-07-31,51039.0
1958-08-31,51233.0
1958-09-30,51506.0
1958-10-31,51485.0
1958-11-30,51944.0
1958-12-31,52085.0
1959-01-31,52478.0
1959-02-28,52688.0
1959-03-31,53014.0
1959-04-30,53321.0
1959-05-31,53550.0
1959-06-30,53681.0
1959-07-31,53804.0
1959-08-31,53336.0
1959-09-30,53428.0
1959-10-31,53358.0
1959-11-30,53634.0
1959-12-31,54174.0
1960-01-31,54274.0
1960-02-29,54513.0
1960-03-31,54454.0
1960-04-30,54813.0
1960-05-31,54475.0
1960-06-30,54348.0
1960-07-31,54306.0
1960-08-31,54272.0
1960-09-30,54227.0
1960-10-31,54142.0
1960-11-30,53961.0
1960-12-31,53742.0
1961-01-31,53683.0
1961-02-28,53557.0
1961-03-31,53659.0
1961-04-30,53627.0
1961-05-31,53786.0
1961-06-30,53977.0
1961-07-31,54123.0
1961-08-31,54298.0
1961-09-30,54388.0
1961-10-31,54522.0
1961-11-30,54742.0
1961-12-31,54872.0
1962-01-31,54891.0
1962-02-28,55188.0
1962-03-31,55275.0
1962-04-30,55602.0
1962-05-31,55628.0
1962-06-30,55644.0
1962-07-31,55746.0
1962-08-31,55838.0
1962-09-30,55978.0
1962-10-31,56041.0
1962-11-30,56056.0
1962-12-31,56028.0
1963-01-31,56115.0
1963-02-28,56230.0
1963-03-31,56320.0
1963-04-30,56580.0
1963-05-31,56616.0
1963-06-30,56659.0
1963-07-31,56794.0
1963-08-31,56910.0
1963-09-30,57078.0
1963-10-31,57283.0
1963-11-30,57255.0
1963-12-31,57361.0
1964-01-31,57487.0
1964-02-29,57753.0
1964-03-31,57897.0
1964-04-30,57922.0
1964-05-31,58089.0
1964-06-30,58219.0
1964-07-31,58412.0
1964-08-31,58619.0
1964-09-30,58903.0
1964-10-31,58793.0
1964-11-30,59218.0
1964-12-31,59421.0
1965-01-31,59582.0
1965-02-28,59800.0
1965-03-31,60003.0
1965-04-30,60259.0
1965-05-31,60491.0
1965-06-30,60690.0
1965-07-31,60965.0
1965-08-31,61228.0
1965-09-30,61490.0
1965-10-31,61719.0
1965-11-30,61996.0
1965-12-31,62322.0
1966-01-31,62529.0
1966-02-28,62796.0
1966-03-31,63192.0
1966-04-30,63437.0
1966-05-31,63712.0
1966-06-30,64111.0
1966-07-31,64301.0
1966-08-31,64507.0
1966-09-30,64643.0
1966-10-31,64854.0
1966-11-30,65019.0
1966-12-31,65199.0
1967-01-31,65407.0
1967-02-28,65429.0
1967-03-31,65530.0
1967-04-30,65466.0
1967-05-31,65620.0
1967-06-30,65750.0
1967-07-31,65888.0
1967-08-31,66143.0
1967-09-30,66164.0
1967-10-31,66225.0
1967-11-30,66703.0
1967-12-31,66900.0
1968-01-31,66804.0
1968-02-29,67215.0
1968-03-31,67295.0
1968-04-30,67556.0
1968-05-31,67652.0
1968-06-30,67905.0
1968-07-31,68126.0
1968-08-31,68330.0
1968-09-30,68484.0
1968-10-31,68721.0
1968-11-30,68984.0
1968-12-31,69248.0
1969-01-31,69439.0
1969-02-28,69699.0
1969-03-31,69905.0
1969-04-30,70072.0
1969-05-31,70328.0
1969-06-30,70636.0
1969-07-31,70729.0
1969-08-31,71008.0
1969-09-30,70914.0
1969-10-31,71121.0
1969-11-30,71086.0
1969-12-31,71241.0
1970-01-31,71176.0
1970-02-28,71305.0
1970-03-31,71451.0
1970-04-30,71348.0
1970-05-31,71124.0
1970-06-30,71029.0
1970-07-31,71053.0
1970-08-31,70937.0
1970-09-30,70944.0
1970-10-31,70521.0
1970-11-30,70409.0
1970-12-31,70792.0
1971-01-31,70865.0
1971-02-28,70807.0
1971-03-31,70860.0
1971-04-30,71036.0
1971-05-31,71247.0
1971-06-30,71254.0
1971-07-31,71315.0
1971-08-31,71373.0
1971-09-30,71614.0
1971-10-31,71642.0
1971-11-30,71847.0
1971-12-31,72109.0
1972-01-31,72441.0
1972-02-29,72648.0
1972-03-31,72944.0
1972-04-30,73162.0
1972-05-31,73469.0
1972-06-30,73758.0
1972-07-31,73709.0
1972-08-31,74141.0
1972-09-30,74264.0
1972-10-31,74674.0
1972-11-30,74973.0
1972-12-31,75268.0
1973-01-31,75617.0
1973-02-28,76014.0
1973-03-31,76284.0
1973-04-30,76455.0
1973-05-31,76648.0
1973-06-30,76887.0
1973-07-31,76913.0
1973-08-31,77168.0
1973-09-30,77276.0
1973-10-31,77607.0
1973-11-30,77920.0
1973-12-31,78031.0
1974-01-31,78100.0
1974-02-28,78254.0
1974-03-31,78296.0
1974-04-30,78382.0
1974-05-31,78549.0
1974-06-30,78604.0
1974-07-31,78636.0
1974-08-31,78619.0
1974-09-30,78610.0
1974-10-31,78630.0
1974-11-30,78265.0
1974-12-31,77652.0
1975-01-31,77293.0
1975-02-28,76918.0
1975-03-31,76648.0
1975-04-30,76460.0
1975-05-31,76624.0
1975-06-30,76521.0
1975-07-31,76770.0
1975-08-31,77153.0
1975-09-30,77228.0
1975-10-31,77540.0
1975-11-30,77685.0
1975-12-31,78017.0
1976-01-31,78503.0
1976-02-29,78816.0
1976-03-31,79048.0
1976-04-30,79292.0
1976-05-31,79312.0
1976-06-30,79376.0
1976-07-31,79547.0
1976-08-31,79704.0
1976-09-30,79892.0
1976-10-31,79911.0
1976-11-30,80240.0
1976-12-31,80448.0
1977-01-31,80690.0
1977-02-28,80988.0
1977-03-31,81391.0
1977-04-30,81728.0
1977-05-31,82088.0
1977-06-30,82488.0
1977-07-31,82834.0
1977-08-31,83075.0
1977-09-30,83532.0
1977-10-31,83800.0
1977-11-30,84173.0
1977-12-31,84410.0
1978-01-31,84594.0
1978-02-28,84948.0
1978-03-31,85460.0
1978-04-30,86162.0
1978-05-31,86509.0
1978-06-30,86950.0
1978-07-31,87204.0
1978-08-31,87483.0
1978-09-30,87621.0
1978-10-31,87956.0
1978-11-30,88391.0
1978-12-31,88671.0
1979-01-31,88808.0
1979-02-28,89055.0
1979-03-31,89479.0
1979-04-30,89417.0
1979-05-31,89789.0
1979-06-30,90108.0
1979-07-31,90217.0
1979-08-31,90300.0
1979-09-30,90327.0
1979-10-31,90481.0
1979-11-30,90573.0
1979-12-31,90672.0
1980-01-31,90800.0
1980-02-29,90883.0
1980-03-31,90994.0
1980-04-30,90849.0
1980-05-31,90420.0
1980-06-30,90101.0
1980-07-31,89840.0
1980-08-31,90099.0
1980-09-30,90213.0
1980-10-31,90490.0
1980-11-30,90747.0
1980-12-31,90943.0
1981-01-31,91033.0
1981-02-28,91105.0
1981-03-31,91210.0
1981-04-30,91283.0
1981-05-31,91296.0
1981-06-30,91490.0
1981-07-31,91601.0
1981-08-31,91565.0
1981-09-30,91477.0
1981-10-31,91380.0
1981-11-30,91171.0
1981-12-31,90895.0
1982-01-31,90565.0
1982-02-28,90563.0
1982-03-31,90434.0
1982-04-30,90150.0
1982-05-31,90107.0
1982-06-30,89865.0
1982-07-31,89521.0
1982-08-31,89363.0
1982-09-30,89183.0
1982-10-31,88907.0
1982-11-30,88786.0
1982-12-31,88771.0
1983-01-31,88990.0
1983-02-28,88917.0
1983-03-31,89090.0
1983-04-30,89364.0
1983-05-31,89644.0
1983-06-30,90021.0
1983-07-31,90437.0
1983-08-31,90129.0
1983-09-30,91247.0
1983-10-31,91520.0
1983-11-30,91875.0
1983-12-31,92230.0
1984-01-31,92673.0
1984-02-29,93157.0
1984-03-31,93429.0
1984-04-30,93792.0
1984-05-31,94098.0
1984-06-30,94479.0
1984-07-31,94789.0
1984-08-31,95032.0
1984-09-30,95344.0
1984-10-31,95629.0
1984-11-30,95982.0
1984-12-31,96107.0
1985-01-31,96372.0
1985-02-28,96503.0
1985-03-31,96842.0
1985-04-30,97038.0
1985-05-31,97312.0
1985-06-30,97459.0
1985-07-31,97648.0
1985-08-31,97840.0
1985-09-30,98045.0
1985-10-31,98233.0
1985-11-30,98443.0
1985-12-31,98609.0
1986-01-31,98732.0
1986-02-28,98847.0
1986-03-31,98934.0
1986-04-30,99121.0
1986-05-31,99248.0
1986-06-30,99155.0
1986-07-31,99473.0
1986-08-31,99588.0
1986-09-30,99934.0
1986-10-31,100121.0
1986-11-30,100308.0
1986-12-31,100509.0
1987-01-31,100678.0
1987-02-28,100919.0
1987-03-31,101164.0
1987-04-30,101499.0
1987-05-31,101728.0
1987-06-30,101900.0
1987-07-31,102247.0
1987-08-31,102420.0
1987-09-30,102647.0
1987-10-31,103138.0
1987-11-30,103372.0
1987-12-31,103661.0
1988-01-31,103753.0
1988-02-29,104214.0
1988-03-31,104489.0
1988-04-30,104732.0
1988-05-31,104962.0
1988-06-30,105326.0
1988-07-31,105550.0
1988-08-31,105674.0
1988-09-30,106013.0
1988-10-31,106276.0
1988-11-30,106617.0
1988-12-31,106898.0
1989-01-31,107161.0
1989-02-28,107427.0
1989-03-31,107621.0
1989-04-30,107791.0
1989-05-31,107913.0
1989-06-30,108027.0
1989-07-31,108069.0
1989-08-31,108120.0
1989-09-30,108369.0
1989-10-31,108476.0
1989-11-30,108752.0
1989-12-31,108836.0
1990-01-31,109196.0
1990-02-28,109436.0
1990-03-31,109640.0
1990-04-30,109674.0
1990-05-31,109828.0
1990-06-30,109850.0
1990-07-31,109815.0
1990-08-31,109607.0
1990-09-30,109522.0
1990-10-31,109377.0
1990-11-30,109222.0
1990-12-31,109168.0
1991-01-31,109058.0
1991-02-28,108735.0
1991-03-31,108568.0
1991-04-30,108350.0
1991-05-31,108253.0
1991-06-30,108330.0
1991-07-31,108290.0
1991-08-31,108300.0
1991-09-30,108335.0
1991-10-31,108361.0
1991-11-30,108300.0
1991-12-31,108330.0
1992-01-31,108365.0
1992-02-29,108312.0
1992-03-31,108367.0
1992-04-30,108516.0
1992-05-31,108646.0
1992-06-30,108706.0
1992-07-31,108793.0
1992-08-31,108916.0
1992-09-30,108951.0
1992-10-31,109139.0
1992-11-30,109283.0
1992-12-31,109502.0
1993-01-31,109790.0
1993-02-28,110047.0
1993-03-31,110004.0
1993-04-30,110300.0
1993-05-31,110571.0
1993-06-30,110742.0
1993-07-31,111054.0
1993-08-31,111200.0
1993-09-30,111448.0
1993-10-31,111734.0
1993-11-30,111987.0
1993-12-31,112325.0
1994-01-31,112601.0
1994-02-28,112782.0
1994-03-31,113245.0
1994-04-30,113589.0
1994-05-31,113922.0
1994-06-30,114239.0
1994-07-31,114608.0
1994-08-31,114902.0
1994-09-30,115246.0
1994-10-31,115457.0
1994-11-30,115867.0
1994-12-31,116174.0
1995-01-31,116505.0
1995-02-28,116694.0
1995-03-31,116908.0
1995-04-30,117066.0
1995-05-31,117046.0
1995-06-30,117291.0
1995-07-31,117382.0
1995-08-31,117646.0
1995-09-30,117873.0
1995-10-31,118026.0
1995-11-30,118165.0
1995-12-31,118325.0
1996-01-31,118317.0
1996-02-29,118738.0
1996-03-31,118992.0
1996-04-30,119158.0
1996-05-31,119497.0
1996-06-30,119770.0
1996-07-31,120019.0
1996-08-31,120198.0
1996-09-30,120400.0
1996-10-31,120665.0
1996-11-30,120947.0
1996-12-31,121143.0
1997-01-31,121356.0
1997-02-28,121673.0
1997-03-31,121991.0
1997-04-30,122289.0
1997-05-31,122560.0
1997-06-30,122816.0
1997-07-31,123114.0
1997-08-31,123087.0
1997-09-30,123575.0
1997-10-31,123924.0
1997-11-30,124225.0
1997-12-31,124549.0
1998-01-31,124806.0
1998-02-28,125017.0
1998-03-31,125165.0
1998-04-30,125445.0
1998-05-31,125845.0
1998-06-30,126076.0
1998-07-31,126212.0
1998-08-31,126546.0
1998-09-30,126744.0
1998-10-31,126949.0
1998-11-30,127222.0
1998-12-31,127595.0
1999-01-31,127699.0
1999-02-28,128117.0
1999-03-31,128234.0
1999-04-30,128595.0
1999-05-31,128813.0
1999-06-30,129084.0
1999-07-31,129422.0
1999-08-31,129572.0
1999-09-30,129771.0
1999-10-31,130178.0
1999-11-30,130466.0
1999-12-31,130783.0
2000-01-31,131011.0
2000-02-29,131120.0
2000-03-31,131604.0
2000-04-30,131884.0
2000-05-31,132105.0
2000-06-30,132063.0
2000-07-31,132228.0
2000-08-31,132234.0
2000-09-30,132337.0
2000-10-31,132352.0
2000-11-30,132556.0
2000-12-31,132716.0
2001-01-31,132703.0
2001-02-28,132788.0
2001-03-31,132751.0
2001-04-30,132458.0
2001-05-31,132408.0
2001-06-30,132300.0
2001-07-31,132172.0
2001-08-31,132021.0
2001-09-30,131763.0
2001-10-31,131452.0
2001-11-30,131144.0
2001-12-31,130983.0
2002-01-31,130859.0
2002-02-28,130737.0
2002-03-31,130722.0
2002-04-30,130616.0
2002-05-31,130632.0
2002-06-30,130674.0
2002-07-31,130584.0
2002-08-31,130581.0
2002-09-30,130502.0
2002-10-31,130617.0
2002-11-30,130616.0
2002-12-31,130465.0
2003-01-31,130573.0
2003-02-28,130441.0
2003-03-31,130235.0
2003-04-30,130173.0
2003-05-31,130197.0
2003-06-30,130186.0
2003-07-31,130184.0
2003-08-31,130153.0
2003-09-30,130252.0
2003-10-31,130439.0
2003-11-30,130480.0
2003-12-31,130589.0
2004-01-31,130756.0
2004-02-29,130821.0
2004-03-31,131140.0
2004-04-30,131412.0
2004-05-31,131697.0
2004-06-30,131794.0
2004-07-31,131854.0
2004-08-31,131939.0
2004-09-30,132089.0
2004-10-31,132429.0
2004-11-30,132503.0
2004-12-31,132630.0
2005-01-31,132781.0
2005-02-28,133034.0
2005-03-31,133154.0
2005-04-30,133520.0
2005-05-31,133689.0
2005-06-30,133948.0
2005-07-31,134300.0
2005-08-31,134502.0
2005-09-30,134552.0
2005-10-31,134641.0
2005-11-30,134997.0
2005-12-31,135159.0
2006-01-31,135427.0
2006-02-28,135733.0
2006-03-31,136038.0
2006-04-30,136210.0
2006-05-31,136249.0
2006-06-30,136337.0
2006-07-31,136529.0
2006-08-31,136692.0
2006-09-30,136826.0
2006-10-31,136843.0
2006-11-30,137060.0
2006-12-31,137249.0
2007-01-31,137472.0
2007-02-28,137560.0
2007-03-31,137784.0
2007-04-30,137847.0
2007-05-31,137992.0
2007-06-30,138070.0
2007-07-31,138044.0
2007-08-31,138013.0
2007-09-30,138099.0
2007-10-31,138175.0
2007-11-30,138290.0
2007-12-31,138395.0
2008-01-31,138391.0
2008-02-29,138329.0
2008-03-31,138259.0
2008-04-30,138040.0
2008-05-31,137851.0
2008-06-30,137700.0
2008-07-31,137497.0
2008-08-31,137211.0
2008-09-30,136760.0
2008-10-31,136291.0
2008-11-30,135541.0
2008-12-31,134847.0
2009-01-31,134079.0
2009-02-28,133318.0
2009-03-31,132494.0
2009-04-30,131822.0
2009-05-31,131466.0
2009-06-30,131008.0
2009-07-31,130662.0
2009-08-31,130472.0
2009-09-30,130246.0
2009-10-31,130061.0
2009-11-30,130057.0
2009-12-31,129808.0
2010-01-31,129802.0
2010-02-28,129706.0
2010-03-31,129866.0
2010-04-30,130120.0
2010-05-31,130642.0
2010-06-30,130510.0
2010-07-31,130415.0
2010-08-31,130415.0
2010-09-30,130341.0
2010-10-31,130620.0
2010-11-30,130749.0
2010-12-31,130830.0
2011-01-31,130837.0
2011-02-28,131057.0
2011-03-31,131283.0
2011-04-30,131597.0
2011-05-31,131703.0
2011-06-30,131931.0
2011-07-31,131992.0
2011-08-31,132125.0
2011-09-30,132344.0
2011-10-31,132553.0
2011-11-30,132690.0
2011-12-31,132888.0
2012-01-31,133246.0
2012-02-29,133509.0
2012-03-31,133748.0
2012-04-30,133825.0
2012-05-31,133932.0
2012-06-30,134013.0
2012-07-31,134157.0
2012-08-31,134339.0
2012-09-30,134517.0
2012-10-31,134669.0
2012-11-30,134825.0
2012-12-31,135074.0
2013-01-31,135257.0
2013-02-28,135546.0
2013-03-31,135689.0
2013-04-30,135873.0
2013-05-31,136096.0
2013-06-30,136279.0
2013-07-31,136391.0
2013-08-31,136646.0
2013-09-30,136821.0
2013-10-31,137041.0
2013-11-30,137317.0
2013-12-31,137372.0
2014-01-31,137561.0
2014-02-28,137712.0
2014-03-31,137985.0
2014-04-30,138298.0
2014-05-31,138513.0
2014-06-30,138849.0
2014-07-31,139072.0
2014-08-31,139269.0
2014-09-30,139563.0
2014-10-31,139798.0
2014-11-30,140089.0
2014-12-31,140364.0
2015-01-31,140568.0
2015-02-28,140827.0
2015-03-31,140923.0
2015-04-30,141196.0
2015-05-31,141538.0
2015-06-30,141709.0
2015-07-31,141991.0
2015-08-31,142125.0
2015-09-30,142275.0
2015-10-31,142579.0
2015-11-30,142808.0
2015-12-31,143077.0
2016-01-31,143210.0
2016-02-29,143406.0
2016-03-31,143662.0
2016-04-30,143854.0
2016-05-31,143900.0
2016-06-30,144147.0
2016-07-31,144520.0
2016-08-31,144661.0
2016-09-30,144967.0
2016-10-31,145065.0
2016-11-30,145183.0
2016-12-31,145408.0
2017-01-31,145628.0
2017-02-28,145846.0
2017-03-31,145970.0
2017-04-30,146175.0
2017-05-31,146380.0
2017-06-30,146583.0
2017-07-31,146772.0
2017-08-31,146919.0
2017-09-30,147008.0
2017-10-31,147149.0
2017-11-30,147372.0
2017-12-31,147523.0
2018-01-31,147660.0
2018-02-28,148054.0
2018-03-31,148280.0
2018-04-30,148420.0
2018-05-31,148742.0
2018-06-30,148960.0
2018-07-31,149020.0
2018-08-31,149277.0
2018-09-30,149358.0
2018-10-31,149527.0
2018-11-30,149617.0
2018-12-31,149809.0
2019-01-31,150060.0
2019-02-28,150067.0
2019-03-31,150295.0
2019-04-30,150591.0
2019-05-31,150618.0
2019-06-30,150838.0
2019-07-31,150937.0
2019-08-31,151169.0
2019-09-30,151365.0
2019-10-31,151460.0
2019-11-30,151667.0
2019-12-31,151794.0
2020-01-31,152031.0
2020-02-29,152293.0
2020-03-31,150895.0
2020-04-30,130426.0
2020-05-31,133040.0
2020-06-30,137671.0
2020-07-31,139255.0
2020-08-31,140821.0
2020-09-30,141770.0
2020-10-31,142460.0
2020-11-30,142733.0
2020-12-31,142548.0
2021-01-31,142863.0
2021-02-28,143380.0
2021-03-31,144232.0
2021-04-30,144587.0
2021-05-31,145065.0
2021-06-30,145820.0
2021-07-31,146762.0
2021-08-31,147314.0
2021-09-30,147771.0
2021-10-31,148572.0
2021-11-30,149230.0
2021-12-31,149816.0
2022-01-31,150006.0
2022-02-28,150825.0
2022-03-31,151315.0
2022-04-30,151623.0
2022-05-31,151924.0
2022-06-30,152358.0
2022-07-31,153072.0
2022-08-31,153362.0
2022-09-30,153582.0
2022-10-31,153939.0
2022-11-30,154242.0
2022-12-31,154342.0
2023-01-31,154776.0
2023-02-28,155066.0
2023-03-31,155134.0
2023-04-30,155375.0
2023-05-31,155655.0
2023-06-30,155880.0
2023-07-31,156043.0
2023-08-31,156261.0
2023-09-30,156417.0
2023-10-31,156576.0
2023-11-30,156703.0
2023-12-31,156857.0
2024-01-31,157032.0
2024-02-29,157238.0
2024-03-31,157466.0
2024-04-30,157530.0
2024-05-31,157608.0
2024-06-30,157695.0
2024-07-31,157748.0
2024-08-31,157757.0
2024-09-30,157912.0
2024-10-31,157945.0
2024-11-30,158079.0
2024-12-31,158316.0
2025-01-31,158268.0
2025-02-28,158310.0
2025-03-31,158377.0
2025-04-30,158485.0
2025-05-31,158498.0
2025-06-30,158478.0
2025-07-31,158542.0
2025-08-31,158472.0
2025-09-30,158548.0
2025-10-31,158408.0
2025-11-30,158449.0
2025-12-31,158432.0
2026-01-31,158592.0
2026-02-28,158436.0
2026-03-31,158650.0
2026-04-30,158829.0
2026-05-31,159001.0
